-- --------------------------------------------------------
-- Host:                         127.0.0.1
-- Server version:               5.7.24 - MySQL Community Server (GPL)
-- Server OS:                    Win64
-- HeidiSQL Version:             12.5.0.6677
-- --------------------------------------------------------

/*!40101 SET @OLD_CHARACTER_SET_CLIENT=@@CHARACTER_SET_CLIENT */;
/*!40101 SET NAMES utf8 */;
/*!50503 SET NAMES utf8mb4 */;
/*!40103 SET @OLD_TIME_ZONE=@@TIME_ZONE */;
/*!40103 SET TIME_ZONE='+00:00' */;
/*!40014 SET @OLD_FOREIGN_KEY_CHECKS=@@FOREIGN_KEY_CHECKS, FOREIGN_KEY_CHECKS=0 */;
/*!40101 SET @OLD_SQL_MODE=@@SQL_MODE, SQL_MODE='NO_AUTO_VALUE_ON_ZERO' */;
/*!40111 SET @OLD_SQL_NOTES=@@SQL_NOTES, SQL_NOTES=0 */;


-- Dumping database structure for portal-itsa
CREATE DATABASE IF NOT EXISTS `portal-itsa` /*!40100 DEFAULT CHARACTER SET utf8mb4 */;
USE `portal-itsa`;

-- Dumping structure for table portal-itsa.asset_tf_notif
CREATE TABLE IF NOT EXISTS `asset_tf_notif` (
  `id` bigint(20) unsigned NOT NULL AUTO_INCREMENT,
  `reg_fixed_asset_id` int(10) unsigned NOT NULL,
  `from_qty` int(11) DEFAULT NULL,
  `from_date_of_tf` datetime DEFAULT NULL,
  `from_io_no` varchar(191) COLLATE utf8mb4_unicode_ci DEFAULT NULL,
  `to_receiving_dept_id` int(10) unsigned DEFAULT NULL,
  `to_cost_center_id` int(10) unsigned DEFAULT NULL,
  `to_location_id` int(10) unsigned DEFAULT NULL,
  `to_qty` int(11) DEFAULT NULL,
  `to_pic_name` varchar(191) COLLATE utf8mb4_unicode_ci DEFAULT NULL,
  `to_effective_date` date DEFAULT NULL,
  `to_tf_fer_no_erp` varchar(191) COLLATE utf8mb4_unicode_ci DEFAULT NULL,
  `pic_support` text COLLATE utf8mb4_unicode_ci,
  `created_by` varchar(191) COLLATE utf8mb4_unicode_ci DEFAULT NULL,
  `updated_by` varchar(191) COLLATE utf8mb4_unicode_ci DEFAULT NULL,
  `approval_by1` varchar(191) COLLATE utf8mb4_unicode_ci DEFAULT NULL,
  `approval_date1` datetime DEFAULT NULL,
  `approval_status1` enum('0','1','2') COLLATE utf8mb4_unicode_ci DEFAULT '0',
  `remark_by1` varchar(191) COLLATE utf8mb4_unicode_ci DEFAULT NULL,
  `approval_by2` varchar(191) COLLATE utf8mb4_unicode_ci DEFAULT NULL,
  `approval_date2` datetime DEFAULT NULL,
  `approval_status2` enum('0','1','2') COLLATE utf8mb4_unicode_ci DEFAULT '0',
  `remark_by2` varchar(191) COLLATE utf8mb4_unicode_ci DEFAULT NULL,
  `approval_by3` varchar(191) COLLATE utf8mb4_unicode_ci DEFAULT NULL,
  `approval_date3` datetime DEFAULT NULL,
  `approval_status3` enum('0','1','2') COLLATE utf8mb4_unicode_ci DEFAULT '0',
  `remark_by3` varchar(191) COLLATE utf8mb4_unicode_ci DEFAULT NULL,
  `approval_by4` varchar(191) COLLATE utf8mb4_unicode_ci DEFAULT NULL,
  `approval_date4` datetime DEFAULT NULL,
  `approval_status4` enum('0','1','2') COLLATE utf8mb4_unicode_ci DEFAULT '0',
  `remark_by4` varchar(191) COLLATE utf8mb4_unicode_ci DEFAULT NULL,
  `approval_by5` varchar(191) COLLATE utf8mb4_unicode_ci DEFAULT NULL,
  `approval_date5` datetime DEFAULT NULL,
  `approval_status5` enum('0','1','2') COLLATE utf8mb4_unicode_ci DEFAULT '0',
  `remark_by5` varchar(191) COLLATE utf8mb4_unicode_ci DEFAULT NULL,
  `approval_by6` varchar(191) COLLATE utf8mb4_unicode_ci DEFAULT NULL,
  `approval_date6` datetime DEFAULT NULL,
  `approval_status6` enum('0','1','2') COLLATE utf8mb4_unicode_ci DEFAULT '0',
  `remark_by6` varchar(191) COLLATE utf8mb4_unicode_ci DEFAULT NULL,
  `created_at` timestamp NULL DEFAULT NULL,
  `updated_at` timestamp NULL DEFAULT NULL,
  PRIMARY KEY (`id`)
) ENGINE=InnoDB AUTO_INCREMENT=13 DEFAULT CHARSET=utf8mb4 COLLATE=utf8mb4_unicode_ci;

-- Dumping data for table portal-itsa.asset_tf_notif: ~1 rows (approximately)
REPLACE INTO `asset_tf_notif` (`id`, `reg_fixed_asset_id`, `from_qty`, `from_date_of_tf`, `from_io_no`, `to_receiving_dept_id`, `to_cost_center_id`, `to_location_id`, `to_qty`, `to_pic_name`, `to_effective_date`, `to_tf_fer_no_erp`, `pic_support`, `created_by`, `updated_by`, `approval_by1`, `approval_date1`, `approval_status1`, `remark_by1`, `approval_by2`, `approval_date2`, `approval_status2`, `remark_by2`, `approval_by3`, `approval_date3`, `approval_status3`, `remark_by3`, `approval_by4`, `approval_date4`, `approval_status4`, `remark_by4`, `approval_by5`, `approval_date5`, `approval_status5`, `remark_by5`, `approval_by6`, `approval_date6`, `approval_status6`, `remark_by6`, `created_at`, `updated_at`) VALUES
	(12, 3, 1, '2025-07-01 00:00:00', 'IO9299323', 9, 24, 3, 1, 'Udin (new depart)', '2025-07-03', '121212', 'public/transfer-documents-assets/2025-07/1751446466_bground.png', 'ramdhan', NULL, NULL, NULL, '0', '-', NULL, NULL, '0', '-', NULL, NULL, '0', '-', NULL, NULL, '0', '-', NULL, NULL, '0', '-', NULL, NULL, '0', '-', NULL, NULL);

-- Dumping structure for table portal-itsa.companys
CREATE TABLE IF NOT EXISTS `companys` (
  `id` bigint(20) unsigned NOT NULL AUTO_INCREMENT,
  `company_desc` varchar(191) COLLATE utf8mb4_unicode_ci NOT NULL,
  `created_at` timestamp NULL DEFAULT NULL,
  `updated_at` timestamp NULL DEFAULT NULL,
  PRIMARY KEY (`id`)
) ENGINE=InnoDB AUTO_INCREMENT=3 DEFAULT CHARSET=utf8mb4 COLLATE=utf8mb4_unicode_ci;

-- Dumping data for table portal-itsa.companys: ~2 rows (approximately)
REPLACE INTO `companys` (`id`, `company_desc`, `created_at`, `updated_at`) VALUES
	(1, 'Indonesia Thai Summit Auto', '2025-05-06 02:56:13', '2025-05-05 23:34:53'),
	(2, 'Indonesia Thai Summit Plastech', '2025-05-06 02:56:30', NULL);

-- Dumping structure for table portal-itsa.departments
CREATE TABLE IF NOT EXISTS `departments` (
  `id` bigint(20) unsigned NOT NULL AUTO_INCREMENT,
  `description` varchar(200) COLLATE utf8mb4_unicode_ci NOT NULL,
  `created_at` timestamp NULL DEFAULT NULL,
  `updated_at` timestamp NULL DEFAULT NULL,
  PRIMARY KEY (`id`)
) ENGINE=InnoDB AUTO_INCREMENT=21 DEFAULT CHARSET=utf8mb4 COLLATE=utf8mb4_unicode_ci;

-- Dumping data for table portal-itsa.departments: ~17 rows (approximately)
REPLACE INTO `departments` (`id`, `description`, `created_at`, `updated_at`) VALUES
	(1, 'Accounting/Finance/CIC', '2025-05-06 02:55:22', NULL),
	(2, 'HQ Office', '2025-05-06 02:55:23', NULL),
	(3, 'HR/GA/HSE', '2025-05-06 02:55:24', NULL),
	(4, 'Plant Maintenance', '2025-05-06 02:55:24', NULL),
	(5, 'Marketing', '2025-05-06 02:55:25', NULL),
	(6, 'Production', '2025-05-06 02:55:26', NULL),
	(7, 'Engineering & MERD', '2025-05-06 02:55:26', NULL),
	(8, 'Purchasing', '2025-05-06 02:55:27', NULL),
	(9, 'Quality Assurance', '2025-05-06 02:55:28', NULL),
	(10, 'SYD/IT', '2025-05-06 02:55:29', NULL),
	(11, 'PPIC & SND (Outbound)', '2025-05-06 02:55:29', NULL),
	(12, 'PPIC & SND', '2025-05-06 02:55:30', NULL),
	(13, 'Maintenance Dies\r\n', '2025-05-06 02:55:31', NULL),
	(14, 'Production Engineering', '2025-05-06 02:55:32', NULL),
	(15, 'Personal Assistant', '2025-05-06 02:55:33', NULL),
	(16, 'Warehouse', '2025-05-06 02:55:33', NULL),
	(17, 'PPIC', '2025-05-06 02:55:34', NULL),
	(18, 'Manager Directure ITSP', '2025-06-17 09:11:59', NULL),
	(19, 'Manager Directure ITSA', '2025-06-17 09:14:59', NULL),
	(20, 'Personal Assisten Manager', '2025-06-17 09:15:11', NULL);

-- Dumping structure for table portal-itsa.distribution_dar_depts
CREATE TABLE IF NOT EXISTS `distribution_dar_depts` (
  `id` bigint(20) unsigned NOT NULL AUTO_INCREMENT,
  `dept_id` bigint(20) DEFAULT NULL,
  `reqdar_id` bigint(20) DEFAULT NULL,
  `master_docs_id` bigint(20) DEFAULT NULL,
  `effective_date` date DEFAULT NULL,
  `current_status` enum('pending','distributed','received','returned','overdue') COLLATE utf8mb4_unicode_ci DEFAULT 'pending',
  `last_action_date` date DEFAULT NULL,
  `created_at` timestamp NULL DEFAULT NULL,
  `updated_at` timestamp NULL DEFAULT NULL,
  PRIMARY KEY (`id`)
) ENGINE=InnoDB AUTO_INCREMENT=17 DEFAULT CHARSET=utf8mb4 COLLATE=utf8mb4_unicode_ci;

-- Dumping data for table portal-itsa.distribution_dar_depts: ~7 rows (approximately)
REPLACE INTO `distribution_dar_depts` (`id`, `dept_id`, `reqdar_id`, `master_docs_id`, `effective_date`, `current_status`, `last_action_date`, `created_at`, `updated_at`) VALUES
	(1, 9, NULL, 2, '2025-08-14', NULL, NULL, '2025-08-13 04:35:03', NULL),
	(2, 13, NULL, 2, '2025-08-14', NULL, NULL, '2025-08-13 04:35:03', NULL),
	(3, 9, NULL, 3, '2025-08-14', NULL, NULL, '2025-08-13 06:40:14', NULL),
	(4, 13, NULL, 3, '2025-08-14', NULL, NULL, '2025-08-13 06:40:14', NULL),
	(14, 4, 3, 7, '2025-08-20', 'pending', NULL, '2025-08-19 09:21:57', '2025-08-19 09:21:57'),
	(15, 9, 3, 7, '2025-08-20', 'pending', NULL, '2025-08-19 09:21:57', '2025-08-19 09:21:57'),
	(16, 13, 3, 7, '2025-08-20', 'pending', NULL, '2025-08-19 09:21:57', '2025-08-19 09:21:57');

-- Dumping structure for table portal-itsa.document_control_logs
CREATE TABLE IF NOT EXISTS `document_control_logs` (
  `id` bigint(20) unsigned NOT NULL AUTO_INCREMENT,
  `distribution_id` bigint(20) unsigned NOT NULL,
  `request_dar_id` bigint(20) unsigned NOT NULL,
  `dept_id` bigint(20) unsigned NOT NULL,
  `action_type` enum('distributed','received','returned','overdue') COLLATE utf8mb4_unicode_ci NOT NULL,
  `action_date` date NOT NULL,
  `receiver_name` varchar(100) COLLATE utf8mb4_unicode_ci DEFAULT NULL,
  `receiver_signature` text COLLATE utf8mb4_unicode_ci COMMENT 'base64 atau path file',
  `position` varchar(50) COLLATE utf8mb4_unicode_ci DEFAULT NULL,
  `return_receiver` varchar(100) COLLATE utf8mb4_unicode_ci DEFAULT NULL,
  `return_date` date DEFAULT NULL,
  `remarks` text COLLATE utf8mb4_unicode_ci,
  `created_at` timestamp NULL DEFAULT NULL,
  `updated_at` timestamp NULL DEFAULT NULL,
  PRIMARY KEY (`id`),
  KEY `document_control_logs_distribution_id_index` (`distribution_id`),
  KEY `document_control_logs_request_dar_id_index` (`request_dar_id`),
  KEY `document_control_logs_dept_id_index` (`dept_id`),
  KEY `document_control_logs_action_type_index` (`action_type`),
  KEY `document_control_logs_action_date_index` (`action_date`),
  CONSTRAINT `document_control_logs_dept_id_foreign` FOREIGN KEY (`dept_id`) REFERENCES `departments` (`id`) ON DELETE CASCADE,
  CONSTRAINT `document_control_logs_distribution_id_foreign` FOREIGN KEY (`distribution_id`) REFERENCES `distribution_dar_depts` (`id`) ON DELETE CASCADE,
  CONSTRAINT `document_control_logs_request_dar_id_foreign` FOREIGN KEY (`request_dar_id`) REFERENCES `request_dar` (`id`) ON DELETE CASCADE
) ENGINE=InnoDB DEFAULT CHARSET=utf8mb4 COLLATE=utf8mb4_unicode_ci;

-- Dumping data for table portal-itsa.document_control_logs: ~0 rows (approximately)

-- Dumping structure for table portal-itsa.failed_jobs
CREATE TABLE IF NOT EXISTS `failed_jobs` (
  `id` bigint(20) unsigned NOT NULL AUTO_INCREMENT,
  `connection` text COLLATE utf8mb4_unicode_ci NOT NULL,
  `queue` text COLLATE utf8mb4_unicode_ci NOT NULL,
  `payload` longtext COLLATE utf8mb4_unicode_ci NOT NULL,
  `exception` longtext COLLATE utf8mb4_unicode_ci NOT NULL,
  `failed_at` timestamp NOT NULL DEFAULT CURRENT_TIMESTAMP,
  PRIMARY KEY (`id`)
) ENGINE=InnoDB DEFAULT CHARSET=utf8mb4 COLLATE=utf8mb4_unicode_ci;

-- Dumping data for table portal-itsa.failed_jobs: ~0 rows (approximately)

-- Dumping structure for table portal-itsa.master_asset_cost_centers
CREATE TABLE IF NOT EXISTS `master_asset_cost_centers` (
  `id` bigint(20) unsigned NOT NULL AUTO_INCREMENT,
  `cost_center_name` varchar(191) COLLATE utf8mb4_unicode_ci NOT NULL,
  `cost_center_code` varchar(191) COLLATE utf8mb4_unicode_ci NOT NULL,
  `created_by` varchar(191) COLLATE utf8mb4_unicode_ci DEFAULT NULL,
  `updated_by` varchar(191) COLLATE utf8mb4_unicode_ci DEFAULT NULL,
  `created_at` timestamp NULL DEFAULT NULL,
  `updated_at` timestamp NULL DEFAULT NULL,
  PRIMARY KEY (`id`),
  UNIQUE KEY `master_asset_cost_centers_cost_center_name_unique` (`cost_center_name`),
  UNIQUE KEY `master_asset_cost_centers_cost_center_code_unique` (`cost_center_code`)
) ENGINE=InnoDB AUTO_INCREMENT=35 DEFAULT CHARSET=utf8mb4 COLLATE=utf8mb4_unicode_ci;

-- Dumping data for table portal-itsa.master_asset_cost_centers: ~29 rows (approximately)
REPLACE INTO `master_asset_cost_centers` (`id`, `cost_center_name`, `cost_center_code`, `created_by`, `updated_by`, `created_at`, `updated_at`) VALUES
	(1, 'MD', '6001000', 'admin', NULL, '2025-06-16 06:52:59', NULL),
	(2, 'Sales & Mkt', '6003005', 'admin', NULL, '2025-06-16 06:53:35', NULL),
	(3, 'Accounting', '6003007', 'admin', NULL, '2025-06-16 06:54:36', NULL),
	(4, 'Purchasing', '6003006', 'admin', NULL, '2025-06-16 06:55:03', NULL),
	(5, 'HRGA', '6003008', 'admin', NULL, '2025-06-16 06:55:30', NULL),
	(6, 'SYD - IT', '6003011', 'admin', NULL, '2025-06-16 06:56:18', NULL),
	(7, 'VP', '6002001', 'admin', NULL, '2025-06-16 06:56:59', NULL),
	(8, 'Prod. 4W', '6003001', 'admin', NULL, '2025-06-16 06:57:33', NULL),
	(9, 'Injection', '6004001', 'admin', NULL, '2025-06-16 06:58:07', NULL),
	(10, 'Assembly', '6004002', 'admin', NULL, '2025-06-16 06:58:46', NULL),
	(13, 'Painting', '6004003', 'admin', NULL, '2025-06-16 06:59:34', NULL),
	(14, 'MTN', '6004004', 'admin', NULL, '2025-06-16 07:00:38', NULL),
	(15, 'Part Control', '6003002', 'admin', NULL, '2025-06-16 07:02:15', NULL),
	(16, 'Store', '6004006', 'admin', NULL, '2025-06-16 07:02:44', NULL),
	(17, 'Planning', '6004007', 'admin', NULL, '2025-06-16 07:04:05', NULL),
	(18, 'W/H & Del', '6004008', 'admin', NULL, '2025-06-16 07:04:51', NULL),
	(19, 'Prod. 2W', '6003004', 'admin', NULL, '2025-06-16 07:05:21', NULL),
	(20, 'Interseat', '6004010', 'admin', NULL, '2025-06-16 07:06:36', NULL),
	(21, 'Engineering', '6004005', 'admin', NULL, '2025-06-16 07:07:08', NULL),
	(22, 'QA', '6003003', 'admin', NULL, '2025-06-16 07:08:08', NULL),
	(23, 'Rack Center', '6003010', 'admin', NULL, '2025-06-16 07:09:19', NULL),
	(24, 'Mold MTN', '6003009', 'admin', NULL, '2025-06-16 07:09:47', NULL),
	(25, 'Maintenance Mold Section', '6004020', 'admin', NULL, '2025-06-16 07:10:18', NULL),
	(26, 'Engineering TSPT Team', '6004021', 'admin', NULL, '2025-06-16 07:11:00', NULL),
	(27, 'Production GIIC', '6003012', 'admin', NULL, '2025-06-16 07:11:30', NULL),
	(28, 'Engineering Hyundai', '6004025', 'admin', NULL, '2025-06-16 07:11:59', NULL),
	(29, 'Injection Hyundai', '6004023', 'admin', NULL, '2025-06-16 07:12:34', NULL),
	(30, 'Assembly Hyundai', '6004024', 'admin', NULL, '2025-06-16 07:13:07', NULL),
	(31, 'Rack Center Hyundai', '6004030', 'admin', NULL, '2025-06-16 07:13:40', NULL),
	(32, 'Store Hyundai', '6004027', 'admin', NULL, '2025-06-16 07:14:09', NULL),
	(33, 'Planning Hyundai', '6004028', 'admin', NULL, '2025-06-16 07:14:37', NULL),
	(34, 'W/H & Delivery Hyundai', '6004029', 'admin', NULL, '2025-06-16 07:15:17', NULL);

-- Dumping structure for table portal-itsa.master_asset_groups
CREATE TABLE IF NOT EXISTS `master_asset_groups` (
  `id` bigint(20) unsigned NOT NULL AUTO_INCREMENT,
  `asset_group_name` varchar(191) COLLATE utf8mb4_unicode_ci NOT NULL,
  `asset_group_code` varchar(191) COLLATE utf8mb4_unicode_ci DEFAULT NULL,
  `created_by` varchar(191) COLLATE utf8mb4_unicode_ci DEFAULT NULL,
  `updated_by` varchar(191) COLLATE utf8mb4_unicode_ci DEFAULT NULL,
  `created_at` timestamp NULL DEFAULT NULL,
  `updated_at` timestamp NULL DEFAULT NULL,
  PRIMARY KEY (`id`),
  UNIQUE KEY `master_asset_groups_asset_group_name_unique` (`asset_group_name`),
  UNIQUE KEY `master_asset_groups_asset_group_code_unique` (`asset_group_code`)
) ENGINE=InnoDB AUTO_INCREMENT=15 DEFAULT CHARSET=utf8mb4 COLLATE=utf8mb4_unicode_ci;

-- Dumping data for table portal-itsa.master_asset_groups: ~14 rows (approximately)
REPLACE INTO `master_asset_groups` (`id`, `asset_group_name`, `asset_group_code`, `created_by`, `updated_by`, `created_at`, `updated_at`) VALUES
	(1, 'Landa', NULL, 'admin', NULL, '2025-06-16 06:44:53', NULL),
	(2, 'Building', NULL, 'admin', NULL, '2025-06-16 06:45:05', NULL),
	(3, 'Insfrastructure', NULL, 'admin', NULL, '2025-06-16 06:45:25', NULL),
	(4, 'Machine', NULL, 'admin', NULL, '2025-06-16 06:45:38', NULL),
	(5, 'Vehicle', NULL, 'admin', NULL, '2025-06-16 06:45:58', NULL),
	(6, 'Furniture', NULL, 'admin', NULL, '2025-06-16 06:46:28', NULL),
	(7, 'Equipment', NULL, 'admin', NULL, '2025-06-16 06:46:43', NULL),
	(8, 'Rack & Palet', NULL, 'admin', NULL, '2025-06-16 06:47:10', NULL),
	(9, 'Computer', NULL, 'admin', NULL, '2025-06-16 06:47:34', NULL),
	(10, 'Software', NULL, 'admin', NULL, '2025-06-16 06:47:50', NULL),
	(11, 'Hardware', NULL, 'admin', NULL, '2025-06-16 06:48:05', NULL),
	(12, 'Office Equipment', NULL, 'admin', NULL, '2025-06-16 06:48:33', NULL),
	(13, 'Tooling (Not Sale to Customer', NULL, 'admin', NULL, '2025-06-16 06:49:05', NULL),
	(14, 'Tooling Lumsum', NULL, 'admin', NULL, '2025-06-16 06:49:23', NULL);

-- Dumping structure for table portal-itsa.master_asset_locations
CREATE TABLE IF NOT EXISTS `master_asset_locations` (
  `id` bigint(20) unsigned NOT NULL AUTO_INCREMENT,
  `asset_location_name` varchar(191) COLLATE utf8mb4_unicode_ci NOT NULL,
  `created_by` varchar(191) COLLATE utf8mb4_unicode_ci DEFAULT NULL,
  `updated_by` varchar(191) COLLATE utf8mb4_unicode_ci DEFAULT NULL,
  `created_at` timestamp NULL DEFAULT NULL,
  `updated_at` timestamp NULL DEFAULT NULL,
  PRIMARY KEY (`id`),
  UNIQUE KEY `master_asset_locations_asset_location_name_unique` (`asset_location_name`)
) ENGINE=InnoDB AUTO_INCREMENT=5 DEFAULT CHARSET=utf8mb4 COLLATE=utf8mb4_unicode_ci;

-- Dumping data for table portal-itsa.master_asset_locations: ~4 rows (approximately)
REPLACE INTO `master_asset_locations` (`id`, `asset_location_name`, `created_by`, `updated_by`, `created_at`, `updated_at`) VALUES
	(1, 'Office KIIC - SYD', 'admin', NULL, '2025-06-16 06:49:46', NULL),
	(2, 'Office GIIC', 'admin', NULL, '2025-06-16 06:50:08', NULL),
	(3, 'Factory KIIC', 'admin', NULL, '2025-06-16 06:50:26', NULL),
	(4, 'Factory GIIC ( UTILITY )', 'admin', NULL, '2025-06-16 06:50:57', NULL);

-- Dumping structure for table portal-itsa.master_documents
CREATE TABLE IF NOT EXISTS `master_documents` (
  `id` bigint(20) unsigned NOT NULL AUTO_INCREMENT,
  `title` varchar(191) COLLATE utf8mb4_unicode_ci NOT NULL,
  `description` text COLLATE utf8mb4_unicode_ci NOT NULL,
  `file` text COLLATE utf8mb4_unicode_ci NOT NULL,
  `type_doc_id` int(11) NOT NULL DEFAULT '0',
  `effective_date` date DEFAULT NULL,
  `is_archived` enum('new','archived') COLLATE utf8mb4_unicode_ci DEFAULT NULL,
  `archived_date` date DEFAULT NULL,
  `created_at` timestamp NULL DEFAULT NULL,
  `updated_at` timestamp NULL DEFAULT NULL,
  PRIMARY KEY (`id`)
) ENGINE=InnoDB AUTO_INCREMENT=8 DEFAULT CHARSET=utf8mb4 COLLATE=utf8mb4_unicode_ci;

-- Dumping data for table portal-itsa.master_documents: ~1 rows (approximately)
REPLACE INTO `master_documents` (`id`, `title`, `description`, `file`, `type_doc_id`, `effective_date`, `is_archived`, `archived_date`, `created_at`, `updated_at`) VALUES
	(3, 'SP-01-001 Business Plan (Rev. 4)', '-', 'public/reqdar/master-documents/2025-08/SP-01-001 Business Plan (Rev. 4).pdf', 6, '2025-08-14', 'new', '2025-08-14', '2025-08-13 06:40:14', NULL),
	(7, 'SP-01-001 Business Plan (Rev. 4)', '-', 'public/dar_documents/2025-08/SP-01-001 Business Plan (Rev. 4) (1).pdf', 6, '2025-08-20', 'archived', '2025-08-20', '2025-08-19 09:21:57', NULL);

-- Dumping structure for table portal-itsa.migrations
CREATE TABLE IF NOT EXISTS `migrations` (
  `id` int(10) unsigned NOT NULL AUTO_INCREMENT,
  `migration` varchar(191) COLLATE utf8mb4_unicode_ci NOT NULL,
  `batch` int(11) NOT NULL,
  PRIMARY KEY (`id`)
) ENGINE=InnoDB AUTO_INCREMENT=29 DEFAULT CHARSET=utf8mb4 COLLATE=utf8mb4_unicode_ci;

-- Dumping data for table portal-itsa.migrations: ~18 rows (approximately)
REPLACE INTO `migrations` (`id`, `migration`, `batch`) VALUES
	(1, '2014_10_12_000000_create_users_table', 1),
	(2, '2014_10_12_100000_create_password_resets_table', 1),
	(3, '2019_08_19_000000_create_failed_jobs_table', 1),
	(4, '2022_05_13_015148_laratrust_setup_tables', 1),
	(5, '2022_05_13_020037_create_module_table', 1),
	(6, '2022_05_13_025220_create_modules_table', 1),
	(7, '2025_05_05_033006_create_departments_table', 2),
	(8, '2025_05_05_033441_create_positions_table', 2),
	(9, '2025_05_05_033759_create_companys_table', 2),
	(10, '2025_05_06_012615_create_type_of_reqforms_table', 3),
	(11, '2025_05_06_083954_create_request_dar_table', 4),
	(12, '2025_05_08_073335_create_request_type_desc_table', 5),
	(13, '2025_05_08_083122_create_request_desc_table', 6),
	(14, '2025_05_23_022011_create_service_table', 7),
	(15, '2025_05_23_022227_create_news_table', 8),
	(16, '2025_06_16_032548_create_registration_fixed_asset_table', 9),
	(17, '2025_06_16_035635_create_master_asset_groups_table', 9),
	(18, '2025_06_16_035652_create_master_asset_locations_table', 9),
	(19, '2025_06_16_035708_create_master_asset_cost_centers_table', 9),
	(20, '2025_06_16_074050_add_column_status_to_registration_fixed_assets', 10),
	(21, '2025_06_16_082926_add_column_received_date_to_registration_fixed_assets', 11),
	(22, '2025_06_16_083742_add_column_io_no_to_registration_fixed_assets', 12),
	(23, '2025_06_16_084939_add_column_created_by_and_updated_by_to_registration_fixed_assets', 13),
	(24, '2025_06_24_071905_create_asset_tf_notif_table', 14),
	(25, '2025_06_25_045014_add_field_pic_additional_table', 15),
	(26, '2025_07_06_041501_create_master_documents_table', 16),
	(27, '2025_08_07_102101_create_distribution_dar_depts_table', 17),
	(28, '2025_08_20_095934_create_document_control_logs', 18);

-- Dumping structure for table portal-itsa.modules
CREATE TABLE IF NOT EXISTS `modules` (
  `id` bigint(20) unsigned NOT NULL AUTO_INCREMENT,
  `name` varchar(191) COLLATE utf8mb4_unicode_ci NOT NULL,
  `created_at` timestamp NULL DEFAULT NULL,
  `updated_at` timestamp NULL DEFAULT NULL,
  PRIMARY KEY (`id`),
  UNIQUE KEY `modules_name_unique` (`name`)
) ENGINE=InnoDB AUTO_INCREMENT=22 DEFAULT CHARSET=utf8mb4 COLLATE=utf8mb4_unicode_ci;

-- Dumping data for table portal-itsa.modules: ~12 rows (approximately)
REPLACE INTO `modules` (`id`, `name`, `created_at`, `updated_at`) VALUES
	(1, 'Module Setting', '2022-05-17 00:26:49', '2022-05-18 00:47:08'),
	(2, 'Module', '2022-05-17 00:26:49', '2022-05-17 00:26:49'),
	(3, 'Module Permission', '2022-05-17 00:26:49', '2022-05-17 00:26:49'),
	(4, 'Module User', '2022-05-17 00:26:49', '2022-05-17 00:26:49'),
	(5, 'Module Role', '2022-05-17 00:26:49', '2022-05-17 00:26:49'),
	(13, 'Document Action Request', '2025-05-02 00:51:13', '2025-05-02 00:51:13'),
	(14, 'Module Company', '2025-05-05 21:51:03', '2025-05-05 21:51:03'),
	(15, 'Module Department', '2025-05-05 21:51:13', '2025-05-05 21:51:13'),
	(16, 'Module Position', '2025-05-05 21:51:24', '2025-05-05 21:51:24'),
	(17, 'Portal ITSA ( News )', '2025-05-22 21:02:28', '2025-05-22 21:03:22'),
	(18, 'Portal ITSA ( Service )', '2025-05-22 21:03:36', '2025-05-22 21:03:36'),
	(19, 'Digital Asset Registration', '2025-06-13 00:12:12', '2025-06-13 00:12:12'),
	(20, 'Master Documents', '2025-07-06 18:26:27', '2025-07-06 18:26:27'),
	(21, 'Document Control Tracking', '2025-08-20 02:22:25', '2025-08-20 02:22:25');

-- Dumping structure for table portal-itsa.news
CREATE TABLE IF NOT EXISTS `news` (
  `id` bigint(20) unsigned NOT NULL AUTO_INCREMENT,
  `users_id` int(11) NOT NULL,
  `dept_id` int(11) NOT NULL,
  `role_id` int(11) NOT NULL,
  `title` varchar(191) COLLATE utf8mb4_unicode_ci NOT NULL,
  `slug` varchar(50) COLLATE utf8mb4_unicode_ci DEFAULT NULL,
  `excerpt` text COLLATE utf8mb4_unicode_ci,
  `pic` varchar(191) COLLATE utf8mb4_unicode_ci NOT NULL,
  `description` text COLLATE utf8mb4_unicode_ci NOT NULL,
  `meta_description` varchar(50) COLLATE utf8mb4_unicode_ci DEFAULT NULL,
  `category` varchar(50) COLLATE utf8mb4_unicode_ci DEFAULT NULL,
  `status` enum('active','inactive','draft') COLLATE utf8mb4_unicode_ci DEFAULT NULL,
  `published_at` timestamp NULL DEFAULT NULL,
  `views_count` int(11) DEFAULT NULL,
  `created_by` varchar(50) COLLATE utf8mb4_unicode_ci DEFAULT NULL,
  `created_at` timestamp NULL DEFAULT NULL,
  `updated_by` varchar(50) COLLATE utf8mb4_unicode_ci DEFAULT NULL,
  `updated_at` timestamp NULL DEFAULT NULL,
  PRIMARY KEY (`id`)
) ENGINE=InnoDB AUTO_INCREMENT=2 DEFAULT CHARSET=utf8mb4 COLLATE=utf8mb4_unicode_ci;

-- Dumping data for table portal-itsa.news: ~0 rows (approximately)
REPLACE INTO `news` (`id`, `users_id`, `dept_id`, `role_id`, `title`, `slug`, `excerpt`, `pic`, `description`, `meta_description`, `category`, `status`, `published_at`, `views_count`, `created_by`, `created_at`, `updated_by`, `updated_at`) VALUES
	(1, 1, 0, 1, 'Champions Soccer KIIC Sport', 'champions-soccer-kiic-sport', 'Lorem Ipsum is simply dummy text of the printing and typesetting industry. Lorem Ipsum has been the industry\'s standard dummy text ever since the 1500s, when an unknown printer took a galley of type a...', '2.png', 'Lorem Ipsum is simply dummy text of the printing and typesetting industry. Lorem Ipsum has been the industry\'s standard dummy text ever since the 1500s, when an unknown printer took a galley of type and scrambled it to make a type specimen book. It has survived not only five centuries', NULL, 'event', 'active', '2025-05-26 02:10:00', 0, 'admin-itsa', '2025-05-25 19:10:20', 'admin-itsa', NULL);

-- Dumping structure for table portal-itsa.password_resets
CREATE TABLE IF NOT EXISTS `password_resets` (
  `email` varchar(191) COLLATE utf8mb4_unicode_ci NOT NULL,
  `token` varchar(191) COLLATE utf8mb4_unicode_ci NOT NULL,
  `created_at` timestamp NULL DEFAULT NULL,
  KEY `password_resets_email_index` (`email`)
) ENGINE=InnoDB DEFAULT CHARSET=utf8mb4 COLLATE=utf8mb4_unicode_ci;

-- Dumping data for table portal-itsa.password_resets: ~0 rows (approximately)

-- Dumping structure for table portal-itsa.permissions
CREATE TABLE IF NOT EXISTS `permissions` (
  `id` int(10) unsigned NOT NULL AUTO_INCREMENT,
  `name` varchar(191) COLLATE utf8mb4_unicode_ci NOT NULL,
  `display_name` varchar(191) COLLATE utf8mb4_unicode_ci DEFAULT NULL,
  `description` varchar(191) COLLATE utf8mb4_unicode_ci DEFAULT NULL,
  `module_id` bigint(20) unsigned NOT NULL DEFAULT '1',
  `created_at` timestamp NULL DEFAULT NULL,
  `updated_at` timestamp NULL DEFAULT NULL,
  PRIMARY KEY (`id`),
  UNIQUE KEY `permissions_name_unique` (`name`)
) ENGINE=InnoDB AUTO_INCREMENT=115 DEFAULT CHARSET=utf8mb4 COLLATE=utf8mb4_unicode_ci;

-- Dumping data for table portal-itsa.permissions: ~57 rows (approximately)
REPLACE INTO `permissions` (`id`, `name`, `display_name`, `description`, `module_id`, `created_at`, `updated_at`) VALUES
	(1, 'manage-setting', 'Manage Setting', 'Bisa Memanage Setting', 1, '2022-05-17 00:26:49', '2022-05-17 00:26:49'),
	(2, 'create-setting', 'Create Setting', 'Bisa Membuat Setting', 1, '2022-05-17 00:26:49', '2022-05-17 00:26:49'),
	(3, 'edit-setting', 'Edit Setting', 'Bisa Mengedit Setting', 1, '2022-05-17 00:26:49', '2022-05-17 00:26:49'),
	(4, 'manage-module', 'Manage Module', 'Bisa Memanage Module', 2, '2022-05-17 00:26:49', '2022-05-17 00:26:49'),
	(5, 'create-module', 'Create Module', 'Bisa Membuat Module', 2, '2022-05-17 00:26:49', '2022-05-17 00:26:49'),
	(6, 'edit-module', 'Edit Module', 'Bisa Mengedit Module', 2, '2022-05-17 00:26:49', '2022-05-17 00:26:49'),
	(7, 'delete-module', 'Delete Module', 'Bisa Menghapus Module', 2, '2022-05-17 00:26:49', '2022-05-17 00:26:49'),
	(8, 'manage-permission', 'Manage Permission', 'Bisa Memanage Permission', 3, '2022-05-17 00:26:49', '2022-05-17 00:26:49'),
	(9, 'edit-permission', 'Edit Permission', 'Bisa Mengedit Permission', 3, '2022-05-17 00:26:49', '2022-05-17 00:26:49'),
	(10, 'manage-user', 'Manage User', 'Bisa Memanage User', 4, '2022-05-17 00:26:49', '2022-05-17 00:26:49'),
	(11, 'create-user', 'Create User', 'Bisa Membuat User', 4, '2022-05-17 00:26:49', '2022-05-17 00:26:49'),
	(12, 'edit-user', 'Edit User', 'Bisa Mengedit User', 4, '2022-05-17 00:26:49', '2022-05-17 00:26:49'),
	(13, 'reset-password', 'Reset Password User', 'Bisa Mengganti Password User', 4, '2022-05-17 00:26:49', '2022-05-17 00:26:49'),
	(14, 'manage-account', 'Manage Account Profile', 'Bisa Memanage Profile', 4, '2022-05-17 00:26:49', '2022-05-17 00:26:49'),
	(15, 'edit-account', 'Edit Account Profile', 'Bisa Mengedit Profile', 4, '2022-05-17 00:26:49', '2022-05-17 00:26:49'),
	(16, 'change-password-account', 'Reset Password Profile', 'Bisa Mengganti Password Profile', 4, '2022-05-17 00:26:49', '2022-05-17 00:26:49'),
	(17, 'manage-role', 'Manage Role', 'Bisa Memanage Role', 5, '2022-05-17 00:26:49', '2022-05-17 00:26:49'),
	(18, 'create-role', 'Create Role', 'Bisa Membuat Role', 5, '2022-05-17 00:26:49', '2022-05-17 00:26:49'),
	(19, 'edit-role', 'Edit Role', 'Bisa Mengedit Role', 5, '2022-05-17 00:26:49', '2022-05-17 00:26:49'),
	(22, 'create-permission', 'Create permission', 'Bisa menambahkan permission', 3, '2022-05-17 21:35:20', '2022-05-17 21:35:20'),
	(24, 'delete-permission', 'Delete Permission', 'Bisa menghapus permission', 3, '2022-05-17 21:39:22', '2022-05-17 21:39:22'),
	(25, 'delete-role', 'Delete Role', 'Bisa menghapus Role', 5, '2022-05-17 21:42:23', '2022-05-17 21:42:52'),
	(26, 'delete-user', 'Delete user', 'Bisa menghapus user', 4, '2022-05-17 21:44:50', '2022-05-17 21:44:50'),
	(63, 'manage-dar-system', 'manage dar system', 'list manage dar system', 13, '2025-05-02 00:54:57', '2025-05-02 00:54:57'),
	(64, 'manage-company', 'manage company', 'untuk list data company', 14, '2025-05-05 22:57:49', '2025-05-05 22:57:49'),
	(65, 'manage-department', 'manage department', 'untuk list data department', 15, '2025-05-05 22:58:51', '2025-05-05 22:58:51'),
	(66, 'manage-position', 'manage position', 'untuk list data position', 16, '2025-05-05 22:59:19', '2025-05-05 22:59:19'),
	(67, 'create-company', 'create company', 'add company', 14, '2025-05-05 23:13:34', '2025-05-05 23:13:34'),
	(68, 'edit-company', 'edit company', 'untuk perubahan company', 14, '2025-05-05 23:29:38', '2025-05-05 23:29:38'),
	(69, 'delete-company', 'delete company', 'untuk menghapus company', 14, '2025-05-05 23:30:05', '2025-05-05 23:30:05'),
	(70, 'create-department', 'create department', 'untuk menambahkan data department', 15, '2025-05-05 23:39:06', '2025-05-05 23:39:06'),
	(71, 'edit-department', 'edit department', 'untuk mengubah data department', 15, '2025-05-05 23:39:37', '2025-05-05 23:39:37'),
	(72, 'delete-department', 'delete department', 'untuk menghapus department', 15, '2025-05-05 23:40:01', '2025-05-05 23:40:01'),
	(73, 'create-position', 'create position', 'untuk menambahkan position', 16, '2025-05-05 23:55:35', '2025-05-05 23:55:35'),
	(74, 'edit-position', 'edit position', 'untuk mengubah position', 16, '2025-05-05 23:56:01', '2025-05-05 23:56:01'),
	(75, 'delete-position', 'delete position', 'untuk menghapus position', 16, '2025-05-05 23:56:38', '2025-05-05 23:56:38'),
	(76, 'show-use', 'show user', 'detail users', 4, '2025-05-06 00:19:09', '2025-05-06 00:22:01'),
	(77, 'create-reqdar', 'create reqdar', 'add request dar system', 13, '2025-05-07 20:26:34', '2025-05-07 20:26:34'),
	(78, 'show-dar', 'show dar', 'untuk show data dar', 13, '2025-05-09 02:01:48', '2025-05-09 02:01:48'),
	(79, 'edit-dar', 'edit dar', 'untuk mengubah dar', 13, '2025-05-12 23:19:18', '2025-05-12 23:19:18'),
	(80, 'approved-by1', 'approved by1', 'persetujuan atasan', 13, '2025-05-17 09:10:26', '2025-05-17 09:10:26'),
	(81, 'rejected-appr1', 'rejected appr1', 'penolakan dari approval 1', 13, '2025-05-17 11:32:16', '2025-05-17 11:32:16'),
	(82, 'approved-by2', 'approved by2', 'approved sysdev', 13, '2025-05-19 02:57:01', '2025-05-19 02:57:01'),
	(83, 'rejected-appr2', 'rejected appr2', 'rejected sysdev', 13, '2025-05-19 02:57:41', '2025-05-19 02:57:41'),
	(84, 'approved-by3', 'approved by3', 'approval terakhir', 13, '2025-05-19 18:40:00', '2025-05-19 18:40:00'),
	(85, 'rejected-by3', 'rejected by3', 'reject dari manager it', 13, '2025-05-19 18:42:20', '2025-05-19 18:42:20'),
	(86, 'delete-dar', 'delete dar', 'menghapus dar pengajuan', 13, '2025-05-19 23:14:45', '2025-05-19 23:14:45'),
	(87, 'manage-portalitsa-service', 'manage portalitsa service', 'manage portalitsa service', 18, '2025-05-22 21:21:19', '2025-05-22 21:21:19'),
	(88, 'create-portalitsa-service', 'create portalitsa service', 'create portalitsa service', 18, '2025-05-22 21:21:35', '2025-05-22 21:21:35'),
	(89, 'show-portalitsa-service', 'show portalitsa service', 'show portalitsa service', 18, '2025-05-22 21:21:50', '2025-05-22 21:21:50'),
	(90, 'edit-portalitsa-service', 'edit portalitsa service', 'edit portalitsa service', 18, '2025-05-22 21:22:24', '2025-05-22 21:22:24'),
	(91, 'delete-portalitsa-service', 'delete portalitsa service', 'delete portalitsa service', 18, '2025-05-22 21:23:58', '2025-05-22 21:23:58'),
	(92, 'manage-portalitsa-news', 'manage portalitsa news', 'manage portalitsa news', 17, '2025-05-22 21:25:44', '2025-05-22 21:25:44'),
	(93, 'create-portalitsa-news', 'create portalitsa news', 'create portalitsa news', 17, '2025-05-22 21:26:48', '2025-05-22 21:26:48'),
	(94, 'show-portalitsa-news', 'show portalitsa news', 'show portalitsa news', 17, '2025-05-22 21:27:12', '2025-05-22 21:27:12'),
	(95, 'edit-portalitsa-news', 'edit portalitsa news', 'edit portalitsa news', 17, '2025-05-22 21:29:58', '2025-05-22 21:29:58'),
	(96, 'delete-portalitsa-news', 'delete portalitsa news', 'delete portalitsa news', 17, '2025-05-22 21:30:16', '2025-05-22 21:30:16'),
	(97, 'manage-digital-assets', 'Manage Digital Assets', 'untuk manajemen digital assets registration', 19, '2025-06-15 18:50:22', '2025-06-15 18:50:22'),
	(98, 'create-digital-assets-reg', 'Create Digital assets Reg', 'untuk create digital assets registration', 19, '2025-06-15 18:51:42', '2025-06-15 18:51:42'),
	(99, 'show-digital-assets', 'show digital assets', 'detail digital assets', 19, '2025-06-15 18:52:37', '2025-06-15 18:52:37'),
	(100, 'edit-digital-assets', 'edit digital assets', 'untuk mengubah digital assets registration', 19, '2025-06-15 18:53:19', '2025-06-15 18:53:19'),
	(101, 'destroy-digital-assets', 'destroy digital assets', 'untuk menghapus request registration digital assets', 19, '2025-06-15 18:54:24', '2025-06-15 18:54:24'),
	(102, 'manage-asset-tf-notification', 'manage asset tf notification', 'manage asset tf notification', 19, '2025-06-23 23:10:32', '2025-06-24 02:09:09'),
	(103, 'create-asset-tf-notif', 'create asset tf notif', 'create asset tf notif', 19, '2025-06-23 23:11:31', '2025-06-24 02:09:32'),
	(104, 'detail-ast-tf-notif', 'detail ast tf notif', 'detail ast tf notif', 19, '2025-06-23 23:11:57', '2025-06-24 02:09:43'),
	(105, 'edit-ast-tf-notif', 'edit ast tf notif', 'edit ast tf notif', 19, '2025-06-23 23:18:11', '2025-06-24 02:09:53'),
	(106, 'destroy-ast-tf-notif', 'destroy ast tf notif', 'destroy ast tf notif', 19, '2025-06-23 23:22:48', '2025-06-24 02:10:03'),
	(107, 'approve-transfer', 'approve transfer', 'approve transfer', 19, '2025-06-29 21:51:42', '2025-06-29 21:51:42'),
	(108, 'reject-transfer', 'reject transfer', 'reject transfer', 19, '2025-06-30 00:29:02', '2025-06-30 00:29:02'),
	(109, 'manage-masterdocs', 'Manage Masterdocs', 'manajemen master documents', 20, '2025-07-06 18:27:03', '2025-07-06 18:27:03'),
	(110, 'create-masterdocs', 'Create Masterdocs', 'untuk membuat master documents', 20, '2025-07-06 18:27:38', '2025-07-06 18:27:38'),
	(111, 'show-masterdocs', 'Show Masterdocs', 'untuk detail masterdocs', 20, '2025-07-06 18:28:04', '2025-07-06 18:28:04'),
	(112, 'edit-masterdocs', 'Edit Masterdocs', 'Untuk mengubah master co', 20, '2025-07-06 18:28:40', '2025-07-06 18:28:40'),
	(113, 'destroy-masterdocs', 'Destroy Masterdocs', 'untuk menghapus masterdocs', 20, '2025-07-06 18:29:20', '2025-07-06 18:29:20'),
	(114, 'index-document-con', 'index document con', 'untuk list document control tracking', 21, '2025-08-20 02:24:21', '2025-08-20 02:24:21');

-- Dumping structure for table portal-itsa.permission_role
CREATE TABLE IF NOT EXISTS `permission_role` (
  `permission_id` int(10) unsigned NOT NULL,
  `role_id` int(10) unsigned NOT NULL,
  PRIMARY KEY (`permission_id`,`role_id`),
  KEY `permission_role_role_id_foreign` (`role_id`),
  CONSTRAINT `permission_role_permission_id_foreign` FOREIGN KEY (`permission_id`) REFERENCES `permissions` (`id`) ON DELETE CASCADE ON UPDATE CASCADE,
  CONSTRAINT `permission_role_role_id_foreign` FOREIGN KEY (`role_id`) REFERENCES `roles` (`id`) ON DELETE CASCADE ON UPDATE CASCADE
) ENGINE=InnoDB DEFAULT CHARSET=utf8mb4 COLLATE=utf8mb4_unicode_ci;

-- Dumping data for table portal-itsa.permission_role: ~138 rows (approximately)
REPLACE INTO `permission_role` (`permission_id`, `role_id`) VALUES
	(1, 1),
	(2, 1),
	(4, 1),
	(5, 1),
	(6, 1),
	(7, 1),
	(8, 1),
	(9, 1),
	(10, 1),
	(11, 1),
	(12, 1),
	(13, 1),
	(14, 1),
	(15, 1),
	(16, 1),
	(17, 1),
	(18, 1),
	(19, 1),
	(22, 1),
	(24, 1),
	(25, 1),
	(26, 1),
	(63, 1),
	(64, 1),
	(65, 1),
	(66, 1),
	(67, 1),
	(68, 1),
	(69, 1),
	(70, 1),
	(71, 1),
	(72, 1),
	(73, 1),
	(74, 1),
	(75, 1),
	(76, 1),
	(78, 1),
	(79, 1),
	(86, 1),
	(87, 1),
	(88, 1),
	(89, 1),
	(90, 1),
	(91, 1),
	(92, 1),
	(93, 1),
	(94, 1),
	(95, 1),
	(96, 1),
	(97, 1),
	(98, 1),
	(99, 1),
	(100, 1),
	(101, 1),
	(102, 1),
	(103, 1),
	(104, 1),
	(105, 1),
	(106, 1),
	(109, 1),
	(110, 1),
	(111, 1),
	(112, 1),
	(113, 1),
	(63, 3),
	(77, 3),
	(78, 3),
	(79, 3),
	(109, 3),
	(111, 3),
	(63, 4),
	(78, 4),
	(80, 4),
	(81, 4),
	(109, 4),
	(111, 4),
	(63, 5),
	(78, 5),
	(79, 5),
	(82, 5),
	(83, 5),
	(109, 5),
	(110, 5),
	(111, 5),
	(112, 5),
	(113, 5),
	(114, 5),
	(63, 6),
	(78, 6),
	(84, 6),
	(85, 6),
	(109, 6),
	(111, 6),
	(97, 7),
	(98, 7),
	(99, 7),
	(100, 7),
	(101, 7),
	(102, 7),
	(103, 7),
	(104, 7),
	(105, 7),
	(97, 8),
	(99, 8),
	(100, 8),
	(102, 8),
	(104, 8),
	(105, 8),
	(107, 8),
	(108, 8),
	(97, 9),
	(99, 9),
	(102, 9),
	(104, 9),
	(107, 9),
	(108, 9),
	(97, 10),
	(99, 10),
	(102, 10),
	(104, 10),
	(107, 10),
	(108, 10),
	(97, 11),
	(99, 11),
	(102, 11),
	(104, 11),
	(107, 11),
	(108, 11),
	(97, 12),
	(99, 12),
	(102, 12),
	(104, 12),
	(107, 12),
	(108, 12),
	(97, 13),
	(99, 13),
	(102, 13),
	(104, 13),
	(107, 13),
	(108, 13);

-- Dumping structure for table portal-itsa.permission_user
CREATE TABLE IF NOT EXISTS `permission_user` (
  `permission_id` int(10) unsigned NOT NULL,
  `user_id` int(10) unsigned NOT NULL,
  `user_type` varchar(191) COLLATE utf8mb4_unicode_ci NOT NULL,
  PRIMARY KEY (`user_id`,`permission_id`,`user_type`),
  KEY `permission_user_permission_id_foreign` (`permission_id`),
  CONSTRAINT `permission_user_permission_id_foreign` FOREIGN KEY (`permission_id`) REFERENCES `permissions` (`id`) ON DELETE CASCADE ON UPDATE CASCADE
) ENGINE=InnoDB DEFAULT CHARSET=utf8mb4 COLLATE=utf8mb4_unicode_ci;

-- Dumping data for table portal-itsa.permission_user: ~0 rows (approximately)

-- Dumping structure for table portal-itsa.positions
CREATE TABLE IF NOT EXISTS `positions` (
  `id` bigint(20) unsigned NOT NULL AUTO_INCREMENT,
  `position_desc` varchar(191) COLLATE utf8mb4_unicode_ci NOT NULL,
  `created_at` timestamp NULL DEFAULT NULL,
  `updated_at` timestamp NULL DEFAULT NULL,
  PRIMARY KEY (`id`)
) ENGINE=InnoDB AUTO_INCREMENT=20 DEFAULT CHARSET=utf8mb4 COLLATE=utf8mb4_unicode_ci;

-- Dumping data for table portal-itsa.positions: ~19 rows (approximately)
REPLACE INTO `positions` (`id`, `position_desc`, `created_at`, `updated_at`) VALUES
	(1, 'Administration', '2025-05-06 02:59:15', NULL),
	(2, 'Assistant Manager', '2025-05-06 02:59:16', NULL),
	(3, 'Driver', '2025-05-06 02:59:16', NULL),
	(4, 'Engineer', '2025-05-06 02:59:20', NULL),
	(5, 'Foreman', '2025-05-06 02:59:20', NULL),
	(6, 'General Manager', '2025-05-06 02:59:21', NULL),
	(7, 'Inspector', '2025-05-06 02:59:22', NULL),
	(8, 'Leader', '2025-05-06 02:59:23', NULL),
	(9, 'Manager', '2025-05-06 02:59:23', NULL),
	(10, 'Managing Director', '2025-05-06 02:59:24', NULL),
	(11, 'Officer', '2025-05-06 02:59:25', NULL),
	(12, 'Operator', '2025-05-06 02:59:26', NULL),
	(13, 'Senior Officer', '2025-05-06 02:59:26', NULL),
	(14, 'Supervisor', '2025-05-06 02:59:27', NULL),
	(15, 'Technician', '2025-05-06 02:59:28', NULL),
	(16, 'Nurse', '2025-05-06 02:59:29', NULL),
	(17, 'Personal Assistant Executive', '2025-05-06 02:59:29', NULL),
	(18, 'Section Chief', '2025-05-06 02:59:30', NULL),
	(19, 'Advisor', '2025-05-06 02:59:30', NULL);

-- Dumping structure for table portal-itsa.registration_fixed_assets
CREATE TABLE IF NOT EXISTS `registration_fixed_assets` (
  `id` bigint(20) unsigned NOT NULL AUTO_INCREMENT,
  `date` date DEFAULT NULL,
  `rfa_number` varchar(191) COLLATE utf8mb4_unicode_ci DEFAULT NULL,
  `requestor_name` varchar(191) COLLATE utf8mb4_unicode_ci NOT NULL,
  `issue_fixed_asset_no` varchar(191) COLLATE utf8mb4_unicode_ci NOT NULL,
  `production_code` varchar(191) COLLATE utf8mb4_unicode_ci DEFAULT NULL,
  `product_name` varchar(191) COLLATE utf8mb4_unicode_ci NOT NULL,
  `grn_no` varchar(191) COLLATE utf8mb4_unicode_ci NOT NULL,
  `user_id` int(10) unsigned NOT NULL,
  `department_id` int(10) unsigned DEFAULT NULL,
  `company_id` int(10) unsigned DEFAULT NULL,
  `asset_group_id` int(10) unsigned NOT NULL,
  `asset_location_id` int(10) unsigned NOT NULL,
  `asset_cost_center_id` int(10) unsigned NOT NULL,
  `remark` varchar(191) COLLATE utf8mb4_unicode_ci DEFAULT NULL,
  `status` enum('active','inactive') COLLATE utf8mb4_unicode_ci NOT NULL DEFAULT 'active',
  `io_no` varchar(50) COLLATE utf8mb4_unicode_ci DEFAULT NULL COMMENT 'IO Number',
  `received_date` date DEFAULT NULL,
  `approval_by1` varchar(40) COLLATE utf8mb4_unicode_ci DEFAULT NULL,
  `approval_date1` datetime DEFAULT NULL,
  `approval_status1` enum('0','1','2') COLLATE utf8mb4_unicode_ci DEFAULT NULL,
  `remark_approval_by1` varchar(191) COLLATE utf8mb4_unicode_ci DEFAULT NULL,
  `approval_by2` varchar(40) COLLATE utf8mb4_unicode_ci DEFAULT NULL,
  `approval_date2` datetime DEFAULT NULL,
  `approval_status2` enum('0','1','2') COLLATE utf8mb4_unicode_ci DEFAULT NULL,
  `remark_approval_by2` varchar(191) COLLATE utf8mb4_unicode_ci DEFAULT NULL,
  `approval_by3` varchar(40) COLLATE utf8mb4_unicode_ci DEFAULT NULL,
  `approval_date3` datetime DEFAULT NULL,
  `approval_status3` enum('0','1','2') COLLATE utf8mb4_unicode_ci DEFAULT NULL,
  `remark_approval_by3` varchar(191) COLLATE utf8mb4_unicode_ci DEFAULT NULL,
  `created_at` timestamp NULL DEFAULT NULL,
  `updated_at` timestamp NULL DEFAULT NULL,
  `created_by` varchar(100) COLLATE utf8mb4_unicode_ci NOT NULL,
  `updated_by` varchar(100) COLLATE utf8mb4_unicode_ci DEFAULT NULL,
  `transfer_status` enum('pending','sent','completed','cancelled') COLLATE utf8mb4_unicode_ci DEFAULT 'pending',
  `transfer_sent_at` date DEFAULT NULL,
  PRIMARY KEY (`id`),
  UNIQUE KEY `registration_fixed_assets_issue_fixed_asset_no_unique` (`issue_fixed_asset_no`),
  UNIQUE KEY `registration_fixed_assets_rfa_number_unique` (`rfa_number`)
) ENGINE=InnoDB AUTO_INCREMENT=4 DEFAULT CHARSET=utf8mb4 COLLATE=utf8mb4_unicode_ci;

-- Dumping data for table portal-itsa.registration_fixed_assets: ~1 rows (approximately)
REPLACE INTO `registration_fixed_assets` (`id`, `date`, `rfa_number`, `requestor_name`, `issue_fixed_asset_no`, `production_code`, `product_name`, `grn_no`, `user_id`, `department_id`, `company_id`, `asset_group_id`, `asset_location_id`, `asset_cost_center_id`, `remark`, `status`, `io_no`, `received_date`, `approval_by1`, `approval_date1`, `approval_status1`, `remark_approval_by1`, `approval_by2`, `approval_date2`, `approval_status2`, `remark_approval_by2`, `approval_by3`, `approval_date3`, `approval_status3`, `remark_approval_by3`, `created_at`, `updated_at`, `created_by`, `updated_by`, `transfer_status`, `transfer_sent_at`) VALUES
	(3, '2025-06-25', 'RFA1192012', 'ramdhan (Maintenance Dies)', 'IP/IF/22/APR/0002', '6014012986', 'ADDITIONAL M&E AIR COMPRESSOR', 'IP/RPO/22/MAR/3354', 9, 13, 2, 4, 4, 14, NULL, 'active', 'ITSP-IO-UP-20.125', '2025-06-19', NULL, NULL, '0', NULL, 'pristine', '2025-06-25 08:57:11', '1', NULL, 'Mr.Wuddhikrai', '2025-07-02 15:51:35', '1', NULL, '2025-06-20 01:36:00', '2025-07-02 01:54:27', 'ramdhan', NULL, 'sent', '2025-07-02');

-- Dumping structure for table portal-itsa.request_dar
CREATE TABLE IF NOT EXISTS `request_dar` (
  `id` bigint(20) unsigned NOT NULL AUTO_INCREMENT,
  `number_dar` varchar(50) COLLATE utf8mb4_unicode_ci NOT NULL,
  `nik_req` varchar(30) COLLATE utf8mb4_unicode_ci NOT NULL,
  `nik_atasan` varchar(30) COLLATE utf8mb4_unicode_ci DEFAULT NULL,
  `dept_id` int(11) NOT NULL,
  `company_id` int(11) NOT NULL,
  `position_id` int(11) NOT NULL,
  `typereqform_id` int(11) NOT NULL,
  `user_id` int(11) NOT NULL,
  `request_desc_id` int(11) NOT NULL,
  `name_doc` varchar(100) COLLATE utf8mb4_unicode_ci NOT NULL,
  `no_doc` varchar(100) COLLATE utf8mb4_unicode_ci NOT NULL,
  `qty_pages` int(11) NOT NULL,
  `reason` text COLLATE utf8mb4_unicode_ci NOT NULL,
  `created_by` varchar(191) COLLATE utf8mb4_unicode_ci NOT NULL,
  `created_date` datetime NOT NULL,
  `file_doc` text COLLATE utf8mb4_unicode_ci NOT NULL,
  `storage_type` varchar(191) COLLATE utf8mb4_unicode_ci DEFAULT NULL,
  `rev_no_before` varchar(191) COLLATE utf8mb4_unicode_ci DEFAULT NULL,
  `rev_no_after` varchar(191) COLLATE utf8mb4_unicode_ci DEFAULT NULL,
  `approval_by1` varchar(40) COLLATE utf8mb4_unicode_ci DEFAULT NULL,
  `approval_date1` datetime DEFAULT NULL,
  `approval_status1` enum('0','1','2') COLLATE utf8mb4_unicode_ci DEFAULT NULL COMMENT '0 = waiting approval\r\n1 = approval\r\n2 = reject',
  `remark_approval_by1` varchar(50) COLLATE utf8mb4_unicode_ci DEFAULT NULL,
  `approval_by2` varchar(40) COLLATE utf8mb4_unicode_ci DEFAULT NULL,
  `approval_date2` datetime DEFAULT NULL,
  `approval_status2` enum('0','1','2') COLLATE utf8mb4_unicode_ci DEFAULT NULL COMMENT '0 = waiting approval',
  `remark_approval_by2` varchar(191) COLLATE utf8mb4_unicode_ci DEFAULT NULL,
  `approval_by3` varchar(40) COLLATE utf8mb4_unicode_ci DEFAULT NULL,
  `approval_date3` datetime DEFAULT NULL,
  `approval_status3` enum('0','1','2') COLLATE utf8mb4_unicode_ci DEFAULT NULL,
  `remark_approval_by3` varchar(191) COLLATE utf8mb4_unicode_ci DEFAULT NULL,
  `updated_by_1` varchar(40) COLLATE utf8mb4_unicode_ci DEFAULT NULL,
  `updated_bydate_1` datetime DEFAULT NULL,
  `updated_by_2` varchar(40) COLLATE utf8mb4_unicode_ci DEFAULT NULL,
  `updated_bydate_2` datetime DEFAULT NULL,
  `status` enum('1','2') COLLATE utf8mb4_unicode_ci DEFAULT NULL COMMENT '1 = Open, 2 = Close',
  PRIMARY KEY (`id`)
) ENGINE=InnoDB AUTO_INCREMENT=4 DEFAULT CHARSET=utf8mb4 COLLATE=utf8mb4_unicode_ci;

-- Dumping data for table portal-itsa.request_dar: ~1 rows (approximately)
REPLACE INTO `request_dar` (`id`, `number_dar`, `nik_req`, `nik_atasan`, `dept_id`, `company_id`, `position_id`, `typereqform_id`, `user_id`, `request_desc_id`, `name_doc`, `no_doc`, `qty_pages`, `reason`, `created_by`, `created_date`, `file_doc`, `storage_type`, `rev_no_before`, `rev_no_after`, `approval_by1`, `approval_date1`, `approval_status1`, `remark_approval_by1`, `approval_by2`, `approval_date2`, `approval_status2`, `remark_approval_by2`, `approval_by3`, `approval_date3`, `approval_status3`, `remark_approval_by3`, `updated_by_1`, `updated_bydate_1`, `updated_by_2`, `updated_bydate_2`, `status`) VALUES
	(3, '08/001', '243.09.10', NULL, 13, 1, 11, 6, 19, 3, 'Business Plan (Rev. 4)', 'SP-01-001', 6, 'ubah sajaaaaa', '243.09.10', '2025-08-19 02:32:32', 'public/dar_documents/2025-08/SP-01-001 Business Plan (Rev. 4) (1).pdf', NULL, '4', NULL, 'Manager', '2025-08-19 14:32:49', '1', NULL, 'Sys Dev', '2025-08-19 16:12:24', '1', '-', 'Manager SysDev & IT', '2025-08-19 16:12:44', '1', '-', '480.11.12', '2025-08-19 16:11:59', NULL, NULL, '2');

-- Dumping structure for table portal-itsa.request_desc
CREATE TABLE IF NOT EXISTS `request_desc` (
  `id` bigint(20) unsigned NOT NULL AUTO_INCREMENT,
  `request_descript` varchar(191) COLLATE utf8mb4_unicode_ci NOT NULL,
  `created_at` timestamp NULL DEFAULT NULL,
  `updated_at` timestamp NULL DEFAULT NULL,
  PRIMARY KEY (`id`)
) ENGINE=InnoDB AUTO_INCREMENT=4 DEFAULT CHARSET=utf8mb4 COLLATE=utf8mb4_unicode_ci;

-- Dumping data for table portal-itsa.request_desc: ~3 rows (approximately)
REPLACE INTO `request_desc` (`id`, `request_descript`, `created_at`, `updated_at`) VALUES
	(1, 'NEW ISSUE', '2025-05-08 08:35:42', NULL),
	(2, 'OBSOLETE', '2025-05-08 08:36:20', NULL),
	(3, 'REVISE', '2025-05-08 08:36:33', NULL);

-- Dumping structure for table portal-itsa.roles
CREATE TABLE IF NOT EXISTS `roles` (
  `id` int(10) unsigned NOT NULL AUTO_INCREMENT,
  `name` varchar(191) COLLATE utf8mb4_unicode_ci NOT NULL,
  `display_name` varchar(191) COLLATE utf8mb4_unicode_ci DEFAULT NULL,
  `description` varchar(191) COLLATE utf8mb4_unicode_ci DEFAULT NULL,
  `created_at` timestamp NULL DEFAULT NULL,
  `updated_at` timestamp NULL DEFAULT NULL,
  PRIMARY KEY (`id`),
  UNIQUE KEY `roles_name_unique` (`name`)
) ENGINE=InnoDB AUTO_INCREMENT=14 DEFAULT CHARSET=utf8mb4 COLLATE=utf8mb4_unicode_ci;

-- Dumping data for table portal-itsa.roles: ~12 rows (approximately)
REPLACE INTO `roles` (`id`, `name`, `display_name`, `description`, `created_at`, `updated_at`) VALUES
	(1, 'admin', 'Administrator', 'Ini adalah Role Admin', '2022-05-17 00:26:49', '2022-05-17 00:26:49'),
	(3, 'user-employee', 'User Employee DAR', 'pengguna system dar', '2025-05-06 20:39:18', '2025-05-06 20:39:18'),
	(4, 'manager', 'Leader/Manager/Dept Head', 'approved 1', '2025-05-17 09:09:42', '2025-05-17 09:09:42'),
	(5, 'sysdev', 'Dept Syd & IT', 'sysdev pengecekan', '2025-05-19 02:56:24', '2025-05-19 02:56:24'),
	(6, 'manager-it', 'Manager Syd & IT', 'approved terakhir dari dar system', '2025-05-19 18:33:49', '2025-05-19 18:33:49'),
	(7, 'user-employee-digassets', 'user employee digassets', 'user employee digassets', '2025-06-15 19:23:27', '2025-06-15 19:23:27'),
	(8, 'user-acct-digassets', 'Acc/Finn', 'user acct digassets', '2025-06-16 21:55:40', '2025-06-16 21:55:40'),
	(9, 'user-mgr-dept-head', 'Leader/Manager/Dept Head', 'user mgr dept head', '2025-06-16 21:56:36', '2025-06-16 21:56:36'),
	(10, 'manager-directur', 'Manager Directur', 'manager directur', '2025-06-30 00:06:00', '2025-06-30 00:06:00'),
	(11, 'user-receive-sendnotif-dept', 'Receiving Department ', 'user receive sendnotif dept', '2025-06-30 20:19:53', '2025-06-30 20:19:53'),
	(12, 'user-mgr-receive-send-notif-dept', 'Receiving Department Head', 'user mgr receive send notif dept', '2025-06-30 21:14:17', '2025-06-30 21:14:17'),
	(13, 'user-gm-accfinn-sendnotif', 'GM Acc/Finn', 'user gm accfinn sendnotif', '2025-06-30 21:41:29', '2025-06-30 21:41:29');

-- Dumping structure for table portal-itsa.role_user
CREATE TABLE IF NOT EXISTS `role_user` (
  `role_id` int(10) unsigned NOT NULL,
  `user_id` int(10) unsigned NOT NULL,
  `user_type` varchar(191) COLLATE utf8mb4_unicode_ci NOT NULL,
  PRIMARY KEY (`user_id`,`role_id`,`user_type`),
  KEY `role_user_role_id_foreign` (`role_id`),
  CONSTRAINT `role_user_role_id_foreign` FOREIGN KEY (`role_id`) REFERENCES `roles` (`id`) ON DELETE CASCADE ON UPDATE CASCADE
) ENGINE=InnoDB DEFAULT CHARSET=utf8mb4 COLLATE=utf8mb4_unicode_ci;

-- Dumping data for table portal-itsa.role_user: ~21 rows (approximately)
REPLACE INTO `role_user` (`role_id`, `user_id`, `user_type`) VALUES
	(1, 1, 'App\\User'),
	(3, 3, 'App\\User'),
	(3, 6, 'App\\User'),
	(3, 8, 'App\\User'),
	(3, 16, 'App\\User'),
	(3, 19, 'App\\User'),
	(3, 21, 'App\\User'),
	(3, 22, 'App\\User'),
	(4, 4, 'App\\User'),
	(4, 17, 'App\\User'),
	(4, 20, 'App\\User'),
	(4, 23, 'App\\User'),
	(5, 5, 'App\\User'),
	(5, 18, 'App\\User'),
	(6, 7, 'App\\User'),
	(7, 9, 'App\\User'),
	(8, 10, 'App\\User'),
	(9, 11, 'App\\User'),
	(10, 12, 'App\\User'),
	(11, 13, 'App\\User'),
	(12, 14, 'App\\User'),
	(13, 15, 'App\\User');

-- Dumping structure for table portal-itsa.service
CREATE TABLE IF NOT EXISTS `service` (
  `id` bigint(20) unsigned NOT NULL AUTO_INCREMENT,
  `title` varchar(191) COLLATE utf8mb4_unicode_ci NOT NULL,
  `description` text COLLATE utf8mb4_unicode_ci NOT NULL,
  `created_by` varchar(50) COLLATE utf8mb4_unicode_ci NOT NULL DEFAULT '',
  `created_at` timestamp NULL DEFAULT NULL,
  `updated_at` timestamp NULL DEFAULT NULL,
  `updated_by` varchar(50) COLLATE utf8mb4_unicode_ci DEFAULT NULL,
  PRIMARY KEY (`id`)
) ENGINE=InnoDB AUTO_INCREMENT=3 DEFAULT CHARSET=utf8mb4 COLLATE=utf8mb4_unicode_ci;

-- Dumping data for table portal-itsa.service: ~3 rows (approximately)
REPLACE INTO `service` (`id`, `title`, `description`, `created_by`, `created_at`, `updated_at`, `updated_by`) VALUES
	(1, 'Document Action Request System', 'An efficient and structured system for submitting, approving and tracking company documents.', 'admin', '2025-05-23 03:39:44', NULL, NULL),
	(2, 'Digital Asset Registration', 'Management of corporate digital assets with high security and ease of access for authorized users.', 'admin', '2025-05-23 03:43:25', NULL, NULL);

-- Dumping structure for table portal-itsa.type_of_reqforms
CREATE TABLE IF NOT EXISTS `type_of_reqforms` (
  `id` bigint(20) unsigned NOT NULL AUTO_INCREMENT,
  `request_type` varchar(191) COLLATE utf8mb4_unicode_ci NOT NULL,
  `created_at` timestamp NULL DEFAULT NULL,
  `updated_at` timestamp NULL DEFAULT NULL,
  PRIMARY KEY (`id`)
) ENGINE=InnoDB AUTO_INCREMENT=10 DEFAULT CHARSET=utf8mb4 COLLATE=utf8mb4_unicode_ci;

-- Dumping data for table portal-itsa.type_of_reqforms: ~5 rows (approximately)
REPLACE INTO `type_of_reqforms` (`id`, `request_type`, `created_at`, `updated_at`) VALUES
	(5, 'Quality Manual (QM)', '2025-05-06 01:36:26', NULL),
	(6, 'System Procedure ( SP )', '2025-05-06 01:36:52', NULL),
	(7, 'Work Instruction ( WI )', '2025-05-06 01:37:22', NULL),
	(8, 'Form, Checkseet, Support Doc', '2025-05-06 01:37:42', NULL),
	(9, 'Other Doc', '2025-05-06 01:38:50', NULL);

-- Dumping structure for table portal-itsa.users
CREATE TABLE IF NOT EXISTS `users` (
  `id` bigint(20) unsigned NOT NULL AUTO_INCREMENT,
  `name` varchar(191) COLLATE utf8mb4_unicode_ci NOT NULL,
  `email` varchar(191) COLLATE utf8mb4_unicode_ci NOT NULL,
  `username` varchar(50) COLLATE utf8mb4_unicode_ci NOT NULL,
  `nik` varchar(12) COLLATE utf8mb4_unicode_ci NOT NULL,
  `department_id` int(11) NOT NULL DEFAULT '0',
  `position_id` int(11) NOT NULL DEFAULT '0',
  `company_id` int(11) NOT NULL DEFAULT '0',
  `email_verified_at` timestamp NULL DEFAULT NULL,
  `password` varchar(191) COLLATE utf8mb4_unicode_ci NOT NULL,
  `remember_token` varchar(100) COLLATE utf8mb4_unicode_ci DEFAULT NULL,
  `created_at` timestamp NULL DEFAULT NULL,
  `updated_at` timestamp NULL DEFAULT NULL,
  PRIMARY KEY (`id`),
  UNIQUE KEY `users_email_unique` (`email`),
  UNIQUE KEY `users_username_unique` (`username`)
) ENGINE=InnoDB AUTO_INCREMENT=24 DEFAULT CHARSET=utf8mb4 COLLATE=utf8mb4_unicode_ci;

-- Dumping data for table portal-itsa.users: ~22 rows (approximately)
REPLACE INTO `users` (`id`, `name`, `email`, `username`, `nik`, `department_id`, `position_id`, `company_id`, `email_verified_at`, `password`, `remember_token`, `created_at`, `updated_at`) VALUES
	(1, 'admin-itsa', 'admin@gmail.com', 'admin', '111.11.11', 0, 0, 0, NULL, '$2y$10$tTyzV0K8C7vi/LrpYIznduJU8oDrSechvHm5AgO5S0MsBKT9e1.Mm', 'TnM6aC70Y4Jl6esSgIGWN9E1z5lTNJZ6ztlE3oGgPcOuoOLnjRsXbzrcYHsI', '2022-05-17 00:26:49', '2023-11-14 21:25:23'),
	(2, 'Wildan Fathur Rohman', '-', 'wildanfr', '943.04.25', 10, 11, 1, NULL, '$2y$10$erCl0A6vAO9m4jvBAr5bhOTY4b5Au1lv1BVi/blcMsr1ZAGopVjUK', NULL, '2025-05-05 20:30:05', '2025-05-05 21:07:00'),
	(3, 'User Sample', 'usersample@gmail.com', 'usersample', '999.99.99', 9, 11, 1, NULL, '$2y$10$uQnjMQuQtcMnVMsDv1pxRuOCKl/SeRdi6iaVi9Pqg13LtVvSIaQ0O', NULL, '2025-05-06 20:59:02', '2025-05-06 20:59:02'),
	(4, 'User Manager Sample', 'it-03@thaisummit.co.id', 'usermgrsample', '966.96.96', 9, 9, 1, NULL, '$2y$10$rGv5v8aPHb9Ie2B3X7g7Oeb3jWwG0irAiIVrFiCg0CaRU2ZH6zWfO', NULL, '2025-05-17 09:17:08', '2025-05-17 09:17:08'),
	(5, 'Ronal Rusdianto', 'syd-01@thaisummit.co.id', 'ronalrus', '480.11.12', 10, 11, 1, NULL, '$2a$12$hbNP3xwKOTPF4zdKrOjYt.HZerjcGOKjkIlOlfL0hUz389lE/j0oe', NULL, '2025-05-19 02:58:43', '2025-05-19 18:47:52'),
	(6, 'user4', 'user4@thaisummit.co.id', 'user4', '777.77.77', 9, 11, 1, NULL, '$2y$10$lFDzjEMnW7dtxXa3MaR/Geqpg7Cw2Clcuw11fPyimyMiFgC2NeY3e', NULL, '2025-05-19 03:02:53', '2025-05-19 03:02:53'),
	(7, 'Wida Mustika Sari', 'wida.mus@thaisummit.co.id', 'widamus', '115.08.08', 10, 9, 1, NULL, '$2y$10$.edUAhDTAL.tFu.JogI02.kjWhBxHYSQ.nmqWICPyg/WNIMh9n8ey', NULL, '2025-05-19 18:37:03', '2025-05-19 18:37:03'),
	(8, 'Didin Jahrudin', 'it-01@thaisummit.co.id', 'didinjah', '630.07.14', 10, 13, 1, NULL, '$2y$10$jvHx15BfyhCOFws5kRPGVuZHyEGJzKBAdMw7ATd5bbRDFK55NQZR2', NULL, '2025-05-20 18:22:36', '2025-05-20 18:26:19'),
	(9, 'ramdhan', 'ramdhan@itsp.co.id', 'ramdhan', '555.55.55', 13, 11, 2, NULL, '$2y$10$5yVx/j7nNQrzgoRHkhMmruhBHEnC4gBcDqCIUx4QtNOGY74xfg7e6', NULL, '2025-06-15 19:35:00', '2025-06-15 19:35:00'),
	(10, 'pristine', 'pristine@itsp.co.id', 'pristine', '655.55.55', 1, 11, 2, NULL, '$2y$10$jIfZrQrgxEO0oTK.ALOj.up5N6fNuZxR8sntf7cx2Csikcs/8f2yW', NULL, '2025-06-16 23:22:49', '2025-06-16 23:22:49'),
	(11, 'Mr. Wuddhikrai', 'wudhikrai@itsa.co.id', 'wuddikrai', '444.44.44', 13, 10, 2, NULL, '$2y$10$sc7zLNlE91b4H.4Qu7RPgekvzUnQNcJ0A47XftVs4S80SOM/KqPgG', NULL, '2025-06-17 02:16:06', '2025-06-17 02:16:06'),
	(12, 'Mr. Parinya Srisorasit', 'md@gmail.com', 'parinyasri', '339.01.18', 18, 10, 2, NULL, '$2y$10$Pvgf.WsdsLfk1sxtT7FaROS6P7Fisbdf/4lXWQQ0QGufnwwdSgzfK', NULL, '2025-06-30 00:09:52', '2025-06-30 00:09:52'),
	(13, 'Sholeh Patoni', 'sholehpatoni@gmail.com', 'sholehpatoni', '017.09.16', 9, 8, 2, NULL, '$2y$10$wFIeUUKczP/5MZoUGhkUVOm5/QhMHrwABgvBGHXTuI1tjvxHhVHKu', NULL, '2025-06-30 20:51:13', '2025-06-30 20:51:13'),
	(14, 'Ija Jaenudin', 'ija@gmail.com', 'ija', '049.05.07', 9, 8, 2, NULL, '$2y$10$QP.tmLvHMe80QHkiH23Oa.4gPWO6AbHLPQeHZb2YdLq3PDwI3rD6K', NULL, '2025-06-30 21:22:20', '2025-06-30 21:22:20'),
	(15, 'Numthip Nongphong', 'numthip@gmail.com', 'numthip', '001.01.16', 1, 6, 2, NULL, '$2y$10$Lt7mRGUjqG7vhuWaOLVCKePspnAodBmm3AM7T.RIHS5sqDUehARHe', NULL, '2025-06-30 21:56:31', '2025-06-30 21:56:31'),
	(16, 'Susie Nurmalasary', 'quality05.4w@thaisummit.co.id', 'susienurmalasary', '707.07.18', 9, 11, 1, NULL, '$2y$10$GJC2s/rF/scjW6bdIMDlcO6MGFnSpFDcxgglNQwdkNOwvtfU2rFdm', NULL, '2025-08-05 03:41:38', '2025-08-13 01:54:56'),
	(17, 'Abiyansyah Nur Pratama', 'abiyansyah.nur@thaisummit.co.id', 'abiyansyah', '856.09.23', 9, 9, 1, NULL, '$2y$10$IZ0eGp2FAY3xRuKDwqep7.n39MNKqH9eufjDAM3I4scLhxjq3r47.', NULL, '2025-08-05 03:44:08', '2025-08-05 03:44:08'),
	(18, 'Dede Susilawati', 'dede.sus@thaisummit.co.id', 'dedesusilawati', '230.07.10', 10, 11, 1, NULL, '$2y$10$NYQae0X72DuX41p8nek5Ye3x2aGFYe.AvZ22zn10ieC13PXlD7VPy', NULL, '2025-08-05 06:25:02', '2025-08-05 06:25:02'),
	(19, 'Rydha Ramlan Gunawan', 'maintenance.dies@thaisummit.co.id', 'rydha', '243.09.10', 13, 11, 1, NULL, '$2y$10$HhE8.mLb0C1.YW90Pk5b5eSfCkFNOSobwjNCM78GEWZtTd/uUllei', NULL, '2025-08-13 01:59:44', '2025-08-13 01:59:44'),
	(20, 'Ma\'mun Murod Ashari', 'mamun.mur@thaisummit.co.id', 'mamun', '137.05.09', 13, 9, 1, NULL, '$2y$10$huShxNBFCt2.DoGtOTlcwuf4tLEGs9As3p1TrsbxsOrndldrkOfnS', NULL, '2025-08-13 02:02:32', '2025-08-13 02:02:32'),
	(21, 'Mokh Teguh Budimansyah. P', 'legal.hr@thaisummit.co.id', 'mohteguh', '945.06.25', 3, 14, 1, NULL, '$2y$10$MSJY3X7IiCavhX2.KwkfiOIcRF7e3cKhX9FWh3D5VFOkF6VDH2b/y', NULL, '2025-08-13 02:04:15', '2025-08-13 02:04:15'),
	(22, 'Fatkhurrohman', 'hse.itsa@thaisummit.co.id', 'fatkhurrohman', '374.07.12', 3, 11, 1, NULL, '$2y$10$o2OFVRcWF6FerzOh8i4tj.5qsPMsDkEOtpklaClFfvsGahGmsGBWe', NULL, '2025-08-13 02:05:37', '2025-08-13 02:05:37'),
	(23, 'Acep Andi Suhendi', 'andi.suh@thaisummit.co.id', 'acepandi', '942.04.25', 3, 9, 1, NULL, '$2y$10$NIozEP44YOR0jYb1z9mTIeUMaE9NLkZN8Vmbmq5oAsOLzd0AjDkgi', NULL, '2025-08-13 02:08:54', '2025-08-13 02:08:54');

/*!40103 SET TIME_ZONE=IFNULL(@OLD_TIME_ZONE, 'system') */;
/*!40101 SET SQL_MODE=IFNULL(@OLD_SQL_MODE, '') */;
/*!40014 SET FOREIGN_KEY_CHECKS=IFNULL(@OLD_FOREIGN_KEY_CHECKS, 1) */;
/*!40101 SET CHARACTER_SET_CLIENT=@OLD_CHARACTER_SET_CLIENT */;
/*!40111 SET SQL_NOTES=IFNULL(@OLD_SQL_NOTES, 1) */;
